time	status_id
2021-04-23 19:21:43	1385591366000939008
2021-04-23 21:25:30	1385623198763405319
2021-04-23 21:25:54	1385621957958242304
2021-04-23 21:26:19	1385619574524051459
2021-04-23 21:26:45	1385619426402201603
2021-04-23 21:27:08	1385619181329031171
2021-04-23 22:18:10	1385636349106016261
2021-04-23 22:21:49	1385636291832807426
2021-04-23 22:21:50	1385587405281918977
2021-04-23 22:21:51	1385635916627075076
2021-04-23 22:21:51	1385634419210338304
2021-04-23 22:21:52	1385631236845039622
2021-04-23 22:21:52	1385628973166522370
2021-04-23 22:21:53	1385628448215814147
2021-04-23 22:21:53	1385626953059758084
2021-04-23 22:21:54	1385504685675581444
2021-04-23 22:21:55	1385597793415229442
2021-04-23 22:21:55	1385625523020177411
2021-04-23 22:21:56	1385625280878809092
2021-04-23 22:21:56	1385624955484655619
2021-04-23 22:21:57	1385624935796678657
2021-04-23 22:21:57	1385624133875081225
2021-04-23 22:21:58	1385623769171906566
2021-04-23 22:21:59	1385623671071330305
2021-04-23 22:21:59	1385623479177801728
2021-04-23 22:22:00	1385623436802760704
2021-04-23 22:22:01	1385612763028869120
2021-04-23 22:22:01	1385612749284257795
2021-04-23 22:22:02	1385612379652694018
2021-04-23 22:22:03	1385611765350682627
2021-04-23 22:22:03	1385610793769594882
2021-04-23 22:22:04	1385610051885232129
2021-04-23 22:22:05	1385607985565782016
2021-04-23 22:22:05	1385158598343397376
2021-04-23 22:22:06	1385113204775399429
2021-04-23 22:22:06	1385170937700564993
2021-04-23 22:22:07	1385607719915167747
2021-04-23 22:22:08	1385606133407096835
2021-04-23 22:22:08	1385604647256166408
2021-04-23 22:22:09	1385596116117323777
2021-04-23 22:22:10	1385600364456529928
2021-04-23 22:22:10	1385594273253363712
2021-04-23 22:22:11	1385593280973262850
2021-04-23 22:22:12	1385585046170578946
2021-04-23 22:22:12	1385592127518773251
2021-04-23 22:22:13	1385591962930094084
2021-04-23 22:22:14	1385591944793890816
2021-04-23 22:22:15	1385243846515122182
2021-04-23 22:22:15	1384778193601581056
2021-04-23 22:22:16	1385589313539248132
2021-04-23 22:22:16	1384788041932283906
2021-04-23 22:22:17	1385587509657178117
2021-04-23 22:22:18	1385586940594974720
2021-04-23 22:22:18	1385586361281908737
2021-04-23 22:22:19	1385583735504998405
2021-04-23 22:22:20	1385583589157376003
2021-04-23 22:22:20	1385581756934332421
2021-04-23 22:22:21	1385579003382140930
2021-04-23 22:22:22	1385579650445836291
2021-04-23 22:22:22	1385573719909670917
2021-04-23 22:22:23	1385572286787293190
2021-04-23 22:22:24	1385568234930274308
2021-04-23 22:22:24	1385568083641737229
2021-04-23 22:22:25	1385566791531827206
2021-04-23 22:22:25	1385566404305252355
2021-04-23 22:22:26	1385566080387608580
2021-04-23 22:22:26	1385565043425636355
2021-04-23 22:22:27	1385532596692525057
2021-04-23 22:22:27	1385534564194394115
2021-04-23 22:22:28	1385520894613757955
2021-04-23 22:22:29	1385565332354441217
2021-04-23 22:22:29	1385519183870382081
2021-04-23 22:22:30	1385522345201135617
2021-04-23 22:22:30	1385565015193702402
2021-04-23 22:22:31	1385540684233412610
2021-04-23 22:22:32	1385564760377159685
2021-04-23 22:22:32	1385563958871007234
2021-04-23 22:22:33	1384841386055372808
2021-04-23 22:22:34	1385493800294834176
2021-04-23 22:22:35	1385558324284772353
2021-04-23 22:22:36	1385309951585779714
2021-04-23 22:22:36	1385306204293894152
2021-04-23 22:22:37	1385488735265902592
2021-04-23 22:22:38	1385555073988657160
2021-04-23 22:22:38	1385540852030656517
2021-04-23 22:22:39	1385550952879382530
2021-04-23 22:22:40	1385550737942335491
2021-04-23 22:22:40	1385550308521086980
2021-04-23 22:22:41	1385527098081648645
2021-04-23 22:22:41	1385532702187683840
2021-04-24 00:55:24	1385673086779809794
2021-04-24 00:57:15	1385664044661575681
2021-04-24 00:57:15	1385663618679705608
2021-04-24 00:57:16	1385662663288520704
2021-04-24 00:57:17	1385660919250751491
2021-04-24 00:57:17	1385657238480556033
2021-04-24 00:57:18	1385655283297492992
2021-04-24 00:57:19	1385648919770632193
2021-04-24 00:57:20	1385083612790284295
2021-04-24 00:57:20	1385647253348511747
2021-04-24 00:57:21	1385643138350342145
2021-04-24 00:57:21	1385218593218916364
2021-04-24 00:57:22	1385639468510584832
2021-04-24 00:57:25	1385549577911111681
2021-04-24 00:57:26	1385549520361066498
2021-04-24 00:57:26	1385548667336073218
2021-04-24 00:57:27	1385548220244185094
2021-04-24 00:57:27	1385544202826575878
2021-04-24 00:57:28	1385544779740504064
2021-04-24 00:57:28	1385543005323423749
2021-04-24 00:57:29	1385539685418635264
2021-04-24 00:57:30	1385535317503930369
2021-04-24 00:57:31	1385518502988058626
2021-04-24 00:57:32	1385532414160621571
2021-04-24 00:57:32	1385530343575277569
2021-04-24 00:57:33	1385530863769714690
2021-04-24 00:57:34	1385530303008051207
2021-04-24 00:57:34	1385529524188639232
2021-04-24 00:57:35	1385530829401595906
2021-04-24 00:57:35	1385530241662078981
2021-04-24 00:57:36	1385530483220500480
2021-04-24 00:57:37	1385530205347803148
2021-04-24 00:57:37	1385531244335620096
2021-04-24 00:57:38	1385528952089833473
2021-04-24 00:57:39	1385521490456551426
2021-04-24 00:57:40	1385520223747416068
2021-04-24 00:57:40	1385520172237131778
2021-04-24 00:57:41	1385518081615613954
2021-04-24 00:57:42	1385515567319162881
2021-04-24 00:57:42	1385514599026286595
2021-04-24 00:57:43	1385514300039598081
2021-04-24 00:57:44	1385513875005607938
2021-04-24 00:57:45	1385510405082992646
2021-04-24 00:57:45	1385509772657500163
2021-04-24 00:57:46	1385507790261682178
2021-04-24 00:57:46	1385507424136679424
2021-04-24 00:57:47	1385506233633763330
2021-04-24 00:57:48	1385281856883417089
2021-04-24 00:57:49	1385503941346033664
2021-04-24 00:57:49	1385502151045046273
2021-04-24 00:57:50	1385501457982496770
2021-04-24 00:57:51	1385499784656478210
2021-04-24 00:57:51	1385499592725123072
2021-04-24 00:57:52	1385497281781059584
2021-04-24 00:57:53	1385495960646606848
2021-04-24 00:57:53	1385493101389643782
2021-04-24 00:57:54	1385492571519000577
2021-04-24 00:57:55	1385491439820304387
2021-04-24 00:57:55	1385490435741655040
2021-04-24 00:57:56	1385490107709353990
2021-04-24 00:57:57	1385488411352391683
2021-04-24 00:57:58	1385469039535820800
2021-04-24 00:57:58	1385482850439340036
2021-04-24 00:57:59	1385482723888824321
2021-04-24 00:58:00	1385479693445435400
2021-04-24 00:58:00	1385477156210307078
2021-04-24 00:58:01	1385474344197918721
2021-04-24 00:58:02	1385451423832281088
2021-04-24 00:58:02	1385473792080633861
2021-04-24 00:58:03	1385472750584688648
2021-04-24 00:58:03	1385471629703012355
2021-04-24 00:58:04	1385470715709693953
2021-04-24 00:58:04	1385468052507033601
2021-04-24 00:58:05	1385465119681904642
2021-04-24 00:58:06	1385170423000621057
2021-04-24 00:58:06	1385460222437650433
2021-04-24 00:58:07	1385458601343414272
2021-04-24 00:58:07	1385442314177318915
2021-04-24 00:58:08	1385456226104856578
2021-04-24 00:58:09	1385453490760085505
2021-04-24 00:58:10	1385444117723848707
2021-04-24 00:58:11	1385439914204950531
2021-04-24 00:58:11	1385439061712637954
2021-04-24 00:58:12	1385438068354609152
2021-04-24 00:58:12	1385408923750965250
2021-04-24 00:58:13	1385398060922986503
2021-04-24 00:58:14	1384822420868014084
2021-04-24 00:58:14	1384832086796771332
2021-04-24 00:58:15	1385309508679835649
2021-04-24 00:58:16	1385378678297612289
2021-04-24 01:56:10	1385671070162640897
2021-04-24 02:01:11	1385683843802230784
2021-04-24 02:01:11	1385682394007494658
2021-04-24 02:01:12	1385680268535615489
2021-04-24 02:01:13	1385677853253984256
2021-04-24 02:01:14	1385676890518654977
2021-04-24 02:01:16	1385662419758768130
2021-04-24 02:01:24	1385527124874825730
2021-04-24 02:01:26	1385506617232289795
2021-04-24 02:01:30	1385375995973095429
2021-04-24 02:01:31	1385310171266641921
2021-04-24 02:01:32	1385311481579728898
2021-04-24 02:01:33	1385380242370416646
2021-04-24 02:01:33	1385369331660255233
2021-04-24 02:01:34	1385331562669957121
2021-04-24 02:01:35	1385331493598154754
2021-04-24 02:01:36	1385321458486837251
2021-04-24 02:01:36	1385320894495485952
2021-04-24 02:01:37	1385314886087970820
2021-04-24 02:01:38	1385305383397322752
2021-04-24 02:01:39	1385299371403583489
2021-04-24 02:01:40	1385299305351716864
2021-04-24 02:01:41	1385296588549943298
2021-04-24 02:01:41	1385294999563096067
2021-04-24 02:01:42	1385292996334166018
2021-04-24 02:01:43	1385292880462323714
2021-04-24 02:01:44	1385289470866456577
2021-04-24 02:01:45	1385288815107923975
2021-04-24 02:01:45	1385283662170660867
2021-04-24 02:01:46	1385285405319208965
2021-04-24 02:01:47	1385285326864719874
2021-04-24 02:01:47	1385285230479642628
2021-04-24 02:01:48	1385283192349855745
2021-04-24 02:01:49	1385282389383868422
2021-04-24 02:01:50	1385281235845455876
2021-04-24 02:01:51	1385271243222388736
2021-04-24 02:01:52	1385187572134006796
2021-04-24 02:01:52	1385252108149018628
2021-04-24 02:01:53	1385249840683233292
2021-04-24 02:01:54	1385270293871030275
2021-04-24 02:01:55	1385260100038774788
2021-04-24 02:01:56	1385257945718353920
2021-04-24 02:01:56	1385249205711564803
2021-04-24 02:01:57	1385253918842658816
2021-04-24 02:01:58	1385251994982567944
2021-04-24 02:01:59	1385250410332450817
2021-04-24 02:02:00	1385245492511010821
2021-04-24 02:02:00	1385241734859329539
2021-04-24 02:02:01	1385240720689156104
2021-04-24 02:02:02	1385237114770444292
2021-04-24 02:02:03	1385127466554073088
2021-04-24 02:02:04	1385235759490207747
2021-04-24 02:02:04	1385234356587823112
2021-04-24 02:02:05	1385233623717060613
2021-04-24 02:02:06	1385232358127767562
2021-04-24 02:02:06	1385232164833304578
2021-04-24 02:02:07	1385231953977221122
2021-04-24 02:02:08	1385231617900175366
2021-04-24 02:02:08	1385229023039528963
2021-04-24 02:02:09	1385226807905947651
2021-04-24 02:02:10	1385218044067127296
2021-04-24 02:02:11	1385215478356873218
2021-04-24 02:02:12	1385211515360354305
2021-04-24 02:02:13	1385207461892722694
2021-04-24 02:02:15	1385198913641017344
2021-04-24 02:02:15	1385199425832710146
2021-04-24 02:02:16	1385187982932516867
2021-04-24 02:02:17	1385186248860471299
2021-04-24 02:02:19	1385180693160890372
2021-04-24 02:02:20	1385179948336386048
2021-04-24 02:02:21	1385173491909947397
2021-04-24 02:02:21	1385170723786792963
2021-04-24 02:02:22	1385166889668603905
2021-04-24 02:02:23	1385165697773305856
2021-04-24 02:02:24	1385132937100763136
2021-04-24 02:02:24	1385164677341085700
2021-04-24 02:02:25	1385165408525635587
2021-04-24 02:02:26	1385154278512156675
2021-04-24 02:02:26	1385153132506738696
2021-04-24 02:02:27	1385143738117214208
2021-04-24 02:02:28	1385143461272334336
2021-04-24 02:02:29	1385143277872062464
2021-04-24 02:02:29	1385137616966668290
2021-04-24 02:02:30	1385133693170110469
2021-04-24 02:02:31	1385132961071190017
2021-04-24 02:02:32	1385131028977635331
2021-04-24 02:02:32	1385129406826377221
2021-04-24 02:02:33	1385125400972460035
2021-04-24 02:02:34	1385128151139774465
2021-04-24 02:02:34	1385111711066198019
2021-04-24 02:02:42	1385691644679229440
2021-04-24 03:03:07	1385685371418136576
2021-04-24 03:03:08	1385685125803888640
2021-04-24 03:03:09	1385685336760623104
2021-04-24 03:03:12	1385646531546550277
2021-04-24 03:03:18	1385549252022001666
2021-04-24 03:03:41	1385120317354373122
2021-04-24 03:03:42	1385105769117327365
2021-04-24 03:03:43	1385112553081110529
2021-04-24 03:03:43	1385119041036066817
2021-04-24 03:03:44	1385111448817307651
2021-04-24 03:03:45	1385108760448757762
2021-04-24 03:03:46	1385108480114233344
2021-04-24 03:03:47	1385104077768462338
2021-04-24 03:03:47	1385102692318543872
2021-04-24 03:03:48	1385101256457277445
2021-04-24 03:03:49	1384841078570844175
2021-04-24 03:03:49	1385097789143609348
2021-04-24 03:03:50	1385096018459430912
2021-04-24 03:03:51	1385094904230019075
2021-04-24 03:03:51	1385084335116615683
2021-04-24 03:03:52	1385083716326739972
2021-04-24 03:03:53	1385082186366210050
2021-04-24 03:03:54	1385065425680039936
2021-04-24 03:03:54	1385078160916508678
2021-04-24 03:03:55	1385075904909434882
2021-04-24 03:03:56	1385075403220418565
2021-04-24 03:03:56	1385072568344797184
2021-04-24 03:03:57	1385072022166786050
2021-04-24 03:03:58	1385071738845687809
2021-04-24 03:03:58	1385066706133979144
2021-04-24 03:03:59	1385065524468412418
2021-04-24 03:04:00	1385064880072364036
2021-04-24 03:04:00	1385059780041928706
2021-04-24 03:04:01	1385023428332122112
2021-04-24 03:04:02	1384986877543870469
2021-04-24 03:04:02	1384987521533104128
2021-04-24 03:04:03	1385019834371432449
2021-04-24 03:04:04	1384988302403465217
2021-04-24 03:04:04	1384987931438247938
2021-04-24 03:04:05	1384963743671586822
2021-04-24 03:04:06	1384962196543885314
2021-04-24 03:04:06	1384946296503554056
2021-04-24 03:04:07	1384941553425207296
2021-04-24 03:04:08	1384934577479864325
2021-04-24 03:04:08	1384936618679799810
2021-04-24 03:04:09	1384936273983512576
2021-04-24 03:04:10	1384932293022830592
2021-04-24 03:04:10	1384930864283496453
2021-04-24 03:04:11	1384925383817154561
2021-04-24 03:04:11	1384923956080254977
2021-04-24 03:04:12	1384922101992378371
2021-04-24 03:04:13	1384911681889898501
2021-04-24 03:04:13	1384910432381673473
2021-04-24 03:04:14	1384909794218233861
2021-04-24 03:04:15	1384904842456481793
2021-04-24 03:04:16	1384881357755719684
2021-04-24 03:04:16	1384902342621999106
2021-04-24 03:04:17	1384900425242054660
2021-04-24 03:04:18	1384894688507928584
2021-04-24 03:04:19	1384894566822785029
2021-04-24 03:04:20	1384890668946886656
2021-04-24 03:04:21	1384888714531205120
2021-04-24 03:04:21	1384885985964531714
2021-04-24 03:04:22	1384885898706292741
2021-04-24 03:04:23	1384883605839679488
2021-04-24 03:04:23	1384880750475063296
2021-04-24 03:04:24	1384879744370548738
2021-04-24 03:04:24	1384876778813014016
2021-04-24 03:04:25	1384845657312161798
2021-04-24 03:04:26	1384871663548997632
2021-04-24 03:04:27	1384860224327233537
2021-04-24 03:04:28	1384863853150826501
2021-04-24 03:04:28	1384861145870348288
2021-04-24 03:04:29	1384852449073246212
2021-04-24 03:04:29	1384856560426393601
2021-04-24 03:04:30	1384858118207725568
2021-04-24 03:04:31	1384854744686948354
2021-04-24 03:04:31	1384853891213365248
2021-04-24 03:04:32	1384854137737826308
2021-04-24 03:04:33	1384863045491564547
2021-04-24 03:04:33	1384854654194962443
2021-04-24 03:04:34	1384849205781483520
2021-04-24 03:04:35	1384833504903516167
2021-04-24 03:04:36	1384824143888199681
2021-04-24 03:04:36	1384822594268917765
2021-04-24 03:04:46	1385701059750809601
2021-04-24 10:58:46	1385827807909933056
2021-04-24 10:58:47	1385827714347814914
2021-04-24 10:58:48	1385827068483555330
2021-04-24 10:58:50	1385824909272653827
2021-04-24 10:58:50	1385824405641580547
2021-04-24 10:58:51	1385817681048137732
2021-04-24 10:58:52	1385801230161698816
2021-04-24 10:58:52	1385823040781627394
2021-04-24 10:58:53	1385811239742459905
2021-04-24 10:58:53	1385821497160200200
2021-04-24 10:58:55	1385819461786116100
2021-04-24 10:58:55	1385819114761949187
2021-04-24 10:58:56	1385818660825042948
2021-04-24 10:58:57	1385817077424947203
2021-04-24 10:58:58	1385816578822840323
2021-04-24 10:58:59	1385815987740499971
2021-04-24 10:58:59	1385815906295586818
2021-04-24 10:59:00	1385815444490051584
2021-04-24 10:59:01	1385813956996993028
2021-04-24 10:59:02	1385811879809884162
2021-04-24 10:59:02	1385811436169940993
2021-04-24 10:59:03	1385810830533423107
2021-04-24 10:59:03	1385810495895048200
2021-04-24 10:59:04	1385808784912572421
2021-04-24 10:59:05	1385808361594122240
2021-04-24 10:59:06	1385806491693699076
2021-04-24 10:59:06	1385805201160896514
2021-04-24 10:59:07	1385804568433356802
2021-04-24 10:59:08	1385804235493679106
2021-04-24 10:59:10	1385801479630376960
2021-04-24 10:59:11	1385800387098071042
2021-04-24 10:59:12	1385799683218436097
2021-04-24 10:59:12	1385798685187923974
2021-04-24 10:59:13	1385798449833013251
2021-04-24 10:59:14	1385797794963726337
2021-04-24 10:59:14	1385798283277254658
2021-04-24 10:59:15	1385782736825163778
2021-04-24 10:59:16	1385798187974152192
2021-04-24 10:59:17	1385795250631823361
2021-04-24 10:59:18	1385780009013448704
2021-04-24 10:59:18	1385794328388259845
2021-04-24 10:59:19	1385793627050307584
2021-04-24 10:59:20	1385766727833772039
2021-04-24 10:59:20	1385785876920160259
2021-04-24 10:59:21	1385790045106294785
2021-04-24 10:59:22	1385789659746242567
2021-04-24 10:59:22	1385789266752462851
2021-04-24 10:59:23	1385785559914741761
2021-04-24 10:59:24	1385785037635801089
2021-04-24 10:59:25	1385784463565549569
2021-04-24 10:59:26	1385783880280539144
2021-04-24 10:59:27	1385783128283746313
2021-04-24 10:59:28	1385777041597894656
2021-04-24 10:59:29	1385776257103716352
2021-04-24 10:59:29	1385774042381119488
2021-04-24 10:59:30	1385772280408543236
2021-04-24 10:59:31	1385764249679679491
2021-04-24 10:59:32	1385749342875758593
2021-04-24 10:59:33	1385747479296049155
2021-04-24 10:59:34	1385723840244994054
2021-04-24 10:59:35	1385716898713636865
2021-04-24 10:59:36	1385717495902863361
2021-04-24 10:59:36	1385710812652654593
2021-04-24 10:59:37	1385716134045831168
2021-04-24 10:59:39	1385695154724429827
2021-04-24 10:59:39	1385693654023426048
2021-04-24 10:59:40	1385693059300478976
2021-04-24 10:59:40	1385692368481837057
2021-04-24 10:59:41	1385687773877735425
2021-04-24 10:59:42	1385689706109669379
2021-04-24 10:59:43	1385687823202672641
2021-04-24 10:59:44	1385687163715477504
2021-04-24 10:59:44	1385681762647384065
2021-04-24 10:59:45	1385672893112066048
2021-04-24 10:59:45	1385681548901453824
2021-04-24 10:59:46	1385677288512004096
2021-04-24 10:59:47	1385676653620174852
2021-04-24 10:59:47	1385672703298863105
2021-04-24 10:59:48	1385685803171385344
2021-04-24 10:59:49	1385680108187385856
2021-04-24 10:59:50	1385683972206710785
2021-04-24 10:59:50	1385676512448319488
2021-04-24 10:59:51	1385683365185998850
2021-04-24 10:59:52	1385685328409686017
2021-04-24 10:59:52	1385677069791629314
2021-04-24 10:59:53	1385683739645071362
2021-04-24 10:59:54	1385676782632804352
2021-04-24 10:59:55	1385678413348802563
2021-04-24 10:59:56	1385661301255331841
2021-04-24 10:59:57	1385676920302411776
2021-04-24 11:57:10	1385842597298466821
2021-04-24 12:00:06	1385843063327629312
2021-04-24 12:00:07	1385843050690211846
2021-04-24 12:00:07	1385843009548292101
2021-04-24 12:00:08	1385839698770239491
2021-04-24 12:00:09	1385836866050482179
2021-04-24 12:00:09	1385840296374661120
2021-04-24 12:00:10	1385837008837251072
2021-04-24 12:00:11	1385842901838487559
2021-04-24 12:00:12	1385836050510073857
2021-04-24 12:00:12	1385842424031825925
2021-04-24 12:00:13	1385842347422879751
2021-04-24 12:00:13	1385841070202703873
2021-04-24 12:00:14	1385841687025520641
2021-04-24 12:00:14	1385840720771092484
2021-04-24 12:00:15	1385842261506727936
2021-04-24 12:00:16	1385839916479778821
2021-04-24 12:00:16	1385841180152238083
2021-04-24 12:00:17	1385841142315421700
2021-04-24 12:00:17	1385842077372538892
2021-04-24 12:00:18	1385841878080294912
2021-04-24 12:00:19	1385841955322564613
2021-04-24 12:00:19	1385842296571142150
2021-04-24 12:00:20	1385841913459212289
2021-04-24 12:00:21	1385842781277487104
2021-04-24 12:00:21	1385841345525215232
2021-04-24 12:00:22	1385841298901377028
2021-04-24 12:00:23	1385841269486673932
2021-04-24 12:00:24	1385841818172940288
2021-04-24 12:00:25	1385842637299585026
2021-04-24 12:00:26	1385841848657223685
2021-04-24 12:00:27	1385842480180908035
2021-04-24 12:00:28	1385841363724341248
2021-04-24 12:00:29	1385842270721646594
2021-04-24 12:00:31	1385841445559431168
2021-04-24 12:00:33	1385841478883102720
2021-04-24 12:00:34	1385841345286320129
2021-04-24 12:00:35	1385841231628890120
2021-04-24 12:00:36	1385841010257764354
2021-04-24 12:00:37	1385841007749582852
2021-04-24 12:00:38	1385840974211911682
2021-04-24 12:00:40	1385840624461443072
2021-04-24 12:00:41	1385840482148700163
2021-04-24 12:00:41	1385840481590906881
2021-04-24 12:00:42	1385840281673555971
2021-04-24 12:00:44	1385839935224094720
2021-04-24 12:00:45	1385839899996135426
2021-04-24 12:00:45	1385836186443210758
2021-04-24 12:00:47	1385839195017465856
2021-04-24 12:00:48	1385839183965540356
2021-04-24 12:00:49	1385839108606488578
2021-04-24 12:00:50	1385838937269227525
2021-04-24 12:00:52	1385838659744591881
2021-04-24 12:00:54	1385838016837545984
2021-04-24 12:00:55	1385837962047352833
2021-04-24 12:00:56	1385837915687723009
2021-04-24 12:00:57	1385837709005004806
2021-04-24 12:00:58	1385837704848441346
2021-04-24 12:00:58	1385837684694818817
2021-04-24 12:01:00	1385835653552775170
2021-04-24 12:01:00	1385837502829711363
2021-04-24 12:01:02	1385837491769409538
2021-04-24 12:01:02	1385837415667965953
2021-04-24 12:01:03	1385837159022698498
2021-04-24 12:01:04	1385836898275364868
2021-04-24 12:01:05	1385836879510007810
2021-04-24 12:01:06	1385831829375123457
2021-04-24 12:01:06	1385836871612125184
2021-04-24 12:01:07	1385836732206047235
2021-04-24 12:01:08	1385836691265507331
2021-04-24 12:01:10	1385836618330697729
2021-04-24 12:01:11	1385832093368786946
2021-04-24 12:01:12	1385836459928678412
2021-04-24 12:01:12	1385836459383480320
2021-04-24 12:01:13	1385836409064366083
2021-04-24 12:01:13	1385836313115455489
2021-04-24 12:01:15	1385836210124296200
2021-04-24 12:01:17	1385836026036310017
2021-04-24 12:01:17	1385834389670563841
2021-04-24 12:01:18	1385835929353396224
2021-04-24 12:01:19	1385835622145794049
2021-04-24 12:01:19	1385835604072570882
2021-04-24 12:01:21	1385835541699067908
2021-04-24 12:01:22	1385835377248804869
2021-04-24 12:01:23	1385835167751675904
2021-04-24 12:01:23	1385835154074046464
2021-04-24 12:01:24	1385834865325535234
2021-04-24 12:01:25	1385834845486477318
2021-04-24 12:01:26	1385834826394050561
2021-04-24 12:01:27	1385834787500294147
2021-04-24 12:58:21	1385843690162163712
2021-04-24 13:03:22	1385843551511085056
2021-04-24 13:03:38	1385815245847863302
2021-04-24 13:03:49	1385834640326291456
2021-04-24 13:03:51	1385832149966745600
2021-04-24 13:03:51	1385834495442518019
2021-04-24 13:03:52	1385832546332647426
2021-04-24 13:03:52	1385826978079543296
2021-04-24 13:03:53	1385834401573920771
2021-04-24 13:03:55	1385834166537785351
2021-04-24 13:03:55	1385834053366992899
2021-04-24 13:03:57	1385833492148228097
2021-04-24 13:03:58	1385833414721294336
2021-04-24 13:03:59	1385833281762041862
2021-04-24 13:04:00	1385833227584040961
2021-04-24 13:04:01	1385833198937071616
2021-04-24 13:04:01	1385833188400852999
2021-04-24 13:04:02	1385823185463963650
2021-04-24 13:04:03	1385814810193846273
2021-04-24 13:04:03	1385825849811759109
2021-04-24 13:04:04	1385824422662078465
2021-04-24 13:04:05	1385833178795896836
2021-04-24 13:04:06	1385833129932312576
2021-04-24 13:04:06	1385833012684746755
2021-04-24 13:04:07	1385830903386046468
2021-04-24 13:04:08	1385831621627027458
2021-04-24 13:04:08	1385833100593176576
2021-04-24 13:04:10	1385832466263339010
2021-04-24 13:04:11	1385832360436846595
2021-04-24 13:04:12	1385832269764464642
2021-04-24 13:04:13	1385832223375454212
2021-04-24 13:04:13	1385832189472907272
2021-04-24 13:04:14	1385832035491659779
2021-04-24 13:04:16	1385831827407966208
2021-04-24 13:04:17	1385831720113647616
2021-04-24 13:04:18	1385831482225090568
2021-04-24 13:04:20	1385831083430662145
2021-04-24 13:04:21	1385831035359744006
2021-04-24 13:04:21	1385830861015191553
2021-04-24 13:04:22	1385818245840605185
2021-04-24 13:04:23	1385830757994688515
2021-04-24 13:04:25	1385830405002076165
2021-04-24 13:04:26	1385830087107301376
2021-04-24 13:04:27	1385829766310240260
2021-04-24 13:04:28	1385829457693343748
2021-04-24 13:04:31	1385828826735726597
2021-04-24 13:04:31	1385828760109273093
2021-04-24 13:04:32	1385828683974201347
2021-04-24 13:04:33	1385828598519459845
2021-04-24 13:04:33	1385823171635412994
2021-04-24 13:04:35	1385828173250629632
2021-04-24 13:04:36	1385828050953068550
2021-04-24 13:04:37	1385827797608767491
2021-04-24 13:04:39	1385827550090317824
2021-04-24 13:04:40	1385827518599548929
2021-04-24 13:04:41	1385827462391635969
2021-04-24 13:04:41	1385827374265077760
2021-04-24 13:04:42	1385827175408934913
2021-04-24 13:04:44	1385826905878777865
2021-04-24 13:04:46	1385824072370556929
2021-04-24 13:04:47	1385826558472900610
2021-04-24 13:04:48	1385826453682483202
2021-04-24 13:04:49	1385826319963852815
2021-04-24 13:04:49	1385826275692974081
2021-04-24 13:04:51	1385826049766805507
2021-04-24 13:04:51	1385825725563883521
2021-04-24 13:04:52	1385825583699959813
2021-04-24 13:04:53	1385825455647850498
2021-04-24 13:04:54	1385825371027775495
2021-04-24 13:04:55	1385825280535666694
2021-04-24 13:04:55	1385825146166857728
2021-04-24 13:04:56	1385824926263701505
2021-04-24 13:04:57	1385824640505765890
2021-04-24 13:04:58	1385824533978894340
2021-04-24 13:04:59	1385824458888257537
2021-04-24 13:05:00	1385824381637521408
2021-04-24 13:05:01	1385824223139008513
2021-04-24 13:05:02	1385818431476232198
2021-04-24 13:05:02	1385821846084349958
2021-04-24 13:05:03	1385824115865518082
2021-04-24 13:05:04	1385823846805032960
2021-04-24 13:05:06	1385822365225914371
2021-04-24 13:05:06	1385823370587951108
2021-04-24 13:05:07	1385823316229824515
2021-04-24 13:05:08	1385823274924343299
2021-04-24 13:05:10	1385822816101011457
2021-04-24 13:05:12	1385822497459740679
2021-04-24 13:05:12	1385822273479733250
2021-04-24 13:05:14	1385822030273024008
2021-04-24 13:05:14	1385821938979774469
2021-04-24 14:02:43	1385865270485389318
2021-04-24 14:07:46	1385864857501667329
2021-04-24 14:07:48	1385858378249818112
2021-04-24 14:07:48	1385864719836205056
2021-04-24 14:07:49	1385864666488860673
2021-04-24 14:07:58	1385863301343506434
2021-04-24 14:08:02	1385862292391153664
2021-04-24 14:08:10	1385855372896870407
2021-04-24 14:08:11	1385860522386415616
2021-04-24 14:08:13	1385859990976561155
2021-04-24 14:08:16	1385859965148008448
2021-04-24 14:08:16	1385859875394097152
2021-04-24 14:08:18	1385859705830973441
2021-04-24 14:08:19	1385859498095497217
2021-04-24 14:08:24	1385846382271995906
2021-04-24 14:08:26	1385858380921655303
2021-04-24 14:08:26	1385858284943384576
2021-04-24 14:08:27	1385858454703644674
2021-04-24 14:08:27	1385857457205907459
2021-04-24 14:08:28	1385857491662036994
2021-04-24 14:08:28	1385858318531391490
2021-04-24 14:08:29	1385857520489570307
2021-04-24 14:08:31	1385858078185193474
2021-04-24 14:08:32	1385857713314299912
2021-04-24 14:08:36	1385856810997874689
2021-04-24 14:08:37	1385856748473389056
2021-04-24 14:08:40	1385856400056741890
2021-04-24 14:08:43	1385855893586071556
2021-04-24 14:08:46	1385855025159675907
2021-04-24 14:08:49	1385854287809368072
2021-04-24 14:08:50	1385853851182407681
2021-04-24 14:08:52	1385853552224919553
2021-04-24 14:08:58	1385852180557488128
2021-04-24 14:09:05	1385850713775906818
2021-04-24 14:09:07	1385850232941039617
2021-04-24 14:09:08	1385849983874699265
2021-04-24 14:09:12	1385848439338983425
2021-04-24 14:09:16	1385847566953193472
2021-04-24 14:09:18	1385847021991391236
2021-04-24 14:09:19	1385846605463445507
2021-04-24 14:09:24	1385845497408090113
2021-04-24 14:09:38	1385840190313287685
2021-04-24 14:09:39	1385840037531512832
2021-04-24 14:09:59	1385875739765993473
2021-04-24 14:10:00	1385875575970013188
2021-04-24 14:10:02	1385875396239904776
2021-04-24 14:10:06	1385874388168232960
2021-04-24 14:10:08	1385874218332561409
2021-04-24 14:10:10	1385873993765322754
2021-04-24 14:10:15	1385873282021289989
2021-04-24 14:10:16	1385873106590306309
2021-04-24 14:10:23	1385871706569408518
2021-04-24 14:10:25	1385871339378991107
2021-04-24 14:10:27	1385871018460270594
2021-04-24 14:10:28	1385871000751902729
2021-04-24 14:10:29	1385870981307146240
2021-04-24 14:10:30	1385870819826405378
2021-04-24 14:10:32	1385870491051823106
2021-04-24 14:10:33	1385870196540284930
2021-04-24 14:10:36	1385869701084065798
2021-04-24 14:10:39	1385867785885028355
2021-04-24 14:10:40	1385868972147417092
2021-04-24 14:10:43	1385868625047740419
2021-04-24 14:10:54	1385866370538041355
2021-04-24 14:10:56	1385866049229246465
2021-04-24 14:10:57	1385865794496565254
2021-04-24 14:16:06	1385877425733599233
2021-04-24 14:16:07	1385877295500468225
2021-04-24 14:16:08	1385877237195366401
2021-04-24 14:16:09	1385877178382909440
2021-04-24 14:16:10	1385877116009525249
2021-04-24 14:16:11	1385877037227773956
2021-04-24 14:16:12	1385877006059851780
2021-04-24 14:16:12	1385875153985277955
2021-04-24 14:16:13	1385876983947534338
2021-04-24 14:16:14	1385875071588208640
2021-04-24 14:16:15	1385874517063438341
2021-04-24 14:16:15	1385870418033053701
2021-04-24 14:16:16	1385874895968497664
2021-04-24 14:16:17	1385876802040520705
2021-04-24 14:16:19	1385876631772749828
2021-04-24 14:16:21	1385876467377065993
2021-04-24 14:16:22	1385876456719360004
2021-04-24 14:16:23	1385876400976973826
2021-04-24 14:16:23	1385876334090457088
2021-04-24 14:16:25	1385876176372060165
2021-04-24 14:16:26	1385868803884478465
2021-04-24 14:16:27	1385875897350201347
2021-04-24 14:16:28	1385868683096952832
2021-04-24 14:20:05	1385878540801871874
2021-04-24 15:10:09	1385878499722858500
2021-04-24 15:10:09	1385878471994343424
2021-04-24 15:10:10	1385872929712340993
2021-04-24 15:10:11	1385877936960536577
2021-04-24 15:10:11	1385872148170899464
2021-04-24 15:10:12	1385872594948091906
2021-04-24 15:10:13	1385871477107347456
2021-04-24 15:10:15	1385878217613922305
2021-04-24 15:10:16	1385878150710706176
2021-04-24 15:10:16	1385878143823618055
2021-04-24 15:10:17	1385878075703918596
2021-04-24 15:10:18	1385878058998013955
2021-04-24 15:10:19	1385878058679234564
2021-04-24 15:10:20	1385878002920083456
2021-04-24 15:10:21	1385877960419201027
2021-04-24 15:10:23	1385877822904758275
2021-04-24 15:10:24	1385877587168137221
2021-04-24 15:10:34	1385875357455114242
2021-04-24 15:10:35	1385874843900407809
2021-04-24 15:10:36	1385874824887554048
2021-04-24 15:10:37	1385874726480879616
2021-04-24 15:10:38	1385874676786733058
2021-04-24 15:10:39	1385874370967478273
2021-04-24 15:10:42	1385873918792146947
2021-04-24 15:10:43	1385873871698419713
2021-04-24 15:10:46	1385873491862327296
2021-04-24 15:10:48	1385859534695006210
2021-04-24 15:10:50	1385873095391514634
2021-04-24 15:10:50	1385872978253017091
2021-04-24 15:10:52	1385872796513824773
2021-04-24 15:10:53	1385872673230622724
2021-04-24 15:10:55	1385872327204773888
2021-04-24 15:10:56	1385852197984866307
2021-04-24 15:10:57	1385861420101734406
2021-04-24 15:10:58	1385871972366651392
2021-04-24 15:10:59	1385871957011230725
2021-04-24 15:11:00	1385863173605978112
2021-04-24 15:11:01	1385871788949704704
2021-04-24 15:11:02	1385871392046911491
2021-04-24 15:11:03	1385871331774787586
2021-04-24 15:11:05	1385870996024946688
2021-04-24 15:11:06	1385865965984915459
2021-04-24 15:11:06	1385870983177801732
2021-04-24 15:11:07	1385870826021425154
2021-04-24 15:11:08	1385870754953109504
2021-04-24 15:11:09	1385870584542732288
2021-04-24 15:11:10	1385870268090916864
2021-04-24 15:11:11	1385870041791430659
2021-04-24 15:11:12	1385870030462611458
2021-04-24 15:11:19	1385868640768069633
2021-04-24 15:11:20	1385868332390174724
2021-04-24 15:11:21	1385868273229524992
2021-04-24 15:11:23	1385868022129205248
2021-04-24 15:11:24	1385867892013502468
2021-04-24 15:11:24	1385867969813639170
2021-04-24 15:11:25	1385867944832368642
2021-04-24 15:11:27	1385867442476314631
2021-04-24 15:11:28	1385867333810286592
2021-04-24 15:11:32	1385866750655307777
2021-04-24 15:11:33	1385866619209928706
2021-04-24 15:11:34	1385866491023683584
2021-04-24 15:11:35	1385866472266731527
2021-04-24 15:11:36	1385866385952108547
2021-04-24 15:11:37	1385866347448397826
2021-04-24 15:11:37	1385858886960222210
2021-04-24 15:11:38	1385866336555786243
2021-04-24 15:16:40	1385866056258842626
2021-04-24 15:16:40	1385865948272361474
2021-04-24 15:16:42	1385865502455582720
2021-04-24 15:16:44	1385864995536138240
2021-04-24 15:16:45	1385864886115176450
2021-04-24 15:16:47	1385861765712338945
2021-04-24 15:16:48	1385864594397093889
2021-04-24 15:16:49	1385864480358162437
2021-04-24 15:16:50	1385864252540342273
2021-04-24 15:16:51	1385864234186117120
2021-04-24 15:16:52	1385864199574745090
2021-04-24 15:16:56	1385861188022456324
2021-04-24 15:16:56	1385864002895372291
2021-04-24 15:16:57	1385863976592891905
2021-04-24 15:17:03	1385862757614903297
2021-04-24 15:17:04	1385862646738550784
2021-04-24 15:17:05	1385862149365542916
2021-04-24 15:17:06	1385858490753683457
2021-04-24 15:17:07	1385862083275751427
2021-04-24 15:17:07	1385862023930695681
2021-04-24 15:17:09	1385861847971024902
2021-04-24 15:17:09	1385861653355372545
2021-04-24 15:17:11	1385861568353632259
2021-04-24 16:37:02	1385902338393600000
2021-04-24 16:37:03	1385912887223341058
2021-04-24 16:37:04	1385912209000206341
2021-04-24 16:37:04	1385912926750445569
2021-04-24 16:37:05	1385902248497016833
2021-04-24 16:37:13	1385889501210238977
2021-04-24 16:37:14	1385912233645903874
2021-04-24 16:37:14	1385912163965964290
2021-04-24 16:37:15	1385911978175078404
2021-04-24 16:37:16	1385911966024171521
2021-04-24 16:37:17	1385901449763180546
2021-04-24 16:37:20	1385910645082656769
2021-04-24 16:37:21	1385911042757193728
2021-04-24 16:37:23	1385910907859988485
2021-04-24 16:37:25	1385910552971517957
2021-04-24 16:37:26	1385910484604309506
2021-04-24 16:37:27	1385910387309105159
2021-04-24 16:37:27	1385910386977767427
2021-04-24 16:37:28	1385910183956672513
2021-04-24 16:37:29	1385897946248454151
2021-04-24 16:37:30	1385910051827687426
2021-04-24 16:37:33	1385909767474880518
2021-04-24 16:37:33	1385909756766818305
2021-04-24 16:37:35	1385909752920645637
2021-04-24 16:37:36	1385909675472789504
2021-04-24 16:37:37	1385909445046112256
2021-04-24 16:37:39	1385908744018567170
2021-04-24 16:37:40	1385909012370165760
2021-04-24 16:37:41	1385909004103077892
2021-04-24 16:37:41	1385905188976746499
2021-04-24 16:37:42	1385908917750812673
2021-04-24 16:37:42	1385895638953447427
2021-04-24 16:37:43	1385906177905623040
2021-04-24 16:37:45	1385908822317826049
2021-04-24 16:37:47	1385908751006240772
2021-04-24 16:37:48	1385908613852499970
2021-04-24 16:37:49	1385908556814159876
2021-04-24 16:37:50	1385908519572959232
2021-04-24 16:37:51	1385908246435667968
2021-04-24 16:37:52	1385907884605595653
2021-04-24 16:37:53	1385907696306511876
2021-04-24 16:37:55	1385907626299387904
2021-04-24 16:37:55	1385907558754312197
2021-04-24 16:37:57	1385907465775063044
2021-04-24 16:38:00	1385906982545027072
2021-04-24 16:38:01	1385906849648680963
2021-04-24 16:38:03	1385906735190188032
2021-04-24 16:38:04	1385906556772831235
2021-04-24 16:38:06	1385906392838688769
2021-04-24 16:38:07	1385906241734471686
2021-04-24 16:38:07	1385904607281311744
2021-04-24 16:38:09	1385904737690607617
2021-04-24 16:38:10	1385905109104676866
2021-04-24 16:38:14	1385905350289727492
2021-04-24 16:38:15	1385905269075443714
2021-04-24 16:38:15	1385905230672371714
2021-04-24 16:38:16	1385886809893134343
2021-04-24 16:38:18	1385905137277759493
2021-04-24 16:38:19	1385904978557030402
2021-04-24 16:38:20	1385904968398360578
2021-04-24 16:38:22	1385904459356590084
2021-04-24 16:38:23	1385904313248059394
2021-04-24 16:38:24	1385904140983754758
2021-04-24 16:38:24	1385891037541855232
2021-04-24 16:38:25	1385885477312425984
2021-04-24 16:38:26	1385903769720823808
2021-04-24 16:38:26	1385903539424161792
2021-04-24 16:38:27	1385891511011667970
2021-04-24 16:38:28	1385904099757944832
2021-04-24 16:38:30	1385903814876688384
2021-04-24 16:38:31	1385903606415585281
2021-04-24 16:38:33	1385903222104068099
2021-04-24 16:38:34	1385903075341127681
2021-04-24 16:38:36	1385902833933848577
2021-04-24 16:38:38	1385902789553901568
2021-04-24 16:38:39	1385902717445361665
2021-04-24 16:38:39	1385902636017143810
2021-04-24 16:38:41	1385902344437567489
2021-04-24 16:38:42	1385902272215883776
2021-04-24 16:38:43	1385894443492929536
2021-04-24 16:38:44	1385902222307827718
2021-04-24 16:38:45	1385902157556187140
2021-04-24 16:38:47	1385901872095977475
2021-04-24 16:38:47	1385885993228668928
2021-04-24 16:38:48	1385901592692461575
2021-04-24 16:38:50	1385901536505565191
2021-04-24 16:38:52	1385901206007017478
2021-04-24 16:38:53	1385901130270396421
2021-04-24 16:38:54	1385900829434023937
2021-04-24 16:38:55	1385900720617000969
2021-04-24 17:46:09	1385930283866755072
2021-04-24 17:46:10	1385929963849752581
2021-04-24 17:46:11	1385925556789600256
2021-04-24 17:46:12	1385925334910963718
2021-04-24 17:46:12	1385925968791965697
2021-04-24 17:46:13	1385930241898541056
2021-04-24 17:46:14	1385929817191710722
2021-04-24 17:46:14	1385926183494160388
2021-04-24 17:46:15	1385925835555700742
2021-04-24 17:46:15	1385926113101193219
2021-04-24 17:46:16	1385927512929103872
2021-04-24 17:46:17	1385925010959659010
2021-04-24 17:46:18	1385930280544849924
2021-04-24 17:46:19	1385929528942358532
2021-04-24 17:46:19	1385930257669132296
2021-04-24 17:46:23	1385930200131596291
2021-04-24 17:46:26	1385929734324776961
2021-04-24 17:46:27	1385925608341794819
2021-04-24 17:46:28	1385929647137771523
2021-04-24 17:46:29	1385929573313904641
2021-04-24 17:46:32	1385929342153158656
2021-04-24 17:46:34	1385929269059014659
2021-04-24 17:46:38	1385929153292115971
2021-04-24 17:46:38	1385920456893423617
2021-04-24 17:46:39	1385920111584813059
2021-04-24 17:46:39	1385919846903214083
2021-04-24 17:46:41	1385928900274835458
2021-04-24 17:46:42	1385928712676274180
2021-04-24 17:46:43	1385928672310300673
2021-04-24 17:46:45	1385927703610552324
2021-04-24 17:46:46	1385928264221224964
2021-04-24 17:46:47	1385927924591730689
2021-04-24 17:46:48	1385927889753837570
2021-04-24 17:46:49	1385927837341782020
2021-04-24 17:46:49	1385927776671207426
2021-04-24 17:46:50	1385927560672935939
2021-04-24 17:46:54	1385927283710455813
2021-04-24 17:46:54	1385927280757678082
2021-04-24 17:46:55	1385924246140899340
2021-04-24 17:46:57	1385926648915120132
2021-04-24 17:46:58	1385926470632046597
2021-04-24 17:47:02	1385925843541626886
2021-04-24 17:47:03	1385925403663949827
2021-04-24 17:47:03	1385925754408497155
2021-04-24 17:47:05	1385925604805992451
2021-04-24 17:47:06	1385919666267119618
2021-04-24 17:47:06	1385918370051096577
2021-04-24 17:47:07	1385917762355175425
2021-04-24 17:47:08	1385918303256793091
2021-04-24 17:47:08	1385925495557005315
2021-04-24 17:47:09	1385925485771644933
2021-04-24 17:47:10	1385925399448719363
2021-04-24 17:47:11	1385925311817129985
2021-04-24 17:47:12	1385924994501423109
2021-04-24 17:47:12	1385924970564362240
2021-04-24 17:47:13	1385924739466555400
2021-04-24 17:47:15	1385924566598381569
2021-04-24 17:47:18	1385924274880319495
2021-04-24 17:47:19	1385924069825073152
2021-04-24 17:47:21	1385923381296472064
2021-04-24 17:47:22	1385923120725315588
2021-04-24 17:47:23	1385922975442952192
2021-04-24 17:47:24	1385922893909925889
2021-04-24 17:47:25	1385920374253047811
2021-04-24 17:47:26	1385922846308716544
2021-04-24 17:47:26	1385922738385154048
2021-04-24 17:47:27	1385922623800938498
2021-04-24 17:47:28	1385922605060788234
2021-04-24 17:47:29	1385922489369251841
2021-04-24 17:47:29	1385922476798930948
2021-04-24 17:47:30	1385922354383970308
2021-04-24 17:47:31	1385918227692195841
2021-04-24 17:47:31	1385922286738296844
2021-04-24 17:47:32	1385922264428732417
2021-04-24 17:47:33	1385922200557940740
2021-04-24 17:47:34	1385922169553625110
2021-04-24 17:47:35	1385921635325157380
2021-04-24 17:47:37	1385921223192760320
2021-04-24 17:47:38	1385917696890458116
2021-04-24 17:47:39	1385921020612124673
2021-04-24 17:47:40	1385920962604933123
2021-04-24 17:47:41	1385920722875256837
2021-04-24 17:47:43	1385920628557946887
2021-04-24 17:47:44	1385920344616095745
2021-04-24 17:47:47	1385919872299790340
2021-04-24 17:47:48	1385919742288957440
2021-04-24 17:47:50	1385919346560536576
2021-04-24 17:47:51	1385919217044647937
2021-04-24 17:47:52	1385919191690080264
2021-04-24 17:47:52	1385919181963468800
2021-04-24 19:35:35	1385952735602696192
2021-04-24 19:35:37	1385957900573569025
2021-04-24 19:35:38	1385957801541849094
2021-04-24 19:35:41	1385957630464598018
2021-04-24 19:35:52	1385957238741749761
2021-04-24 19:35:52	1385957087218266114
2021-04-24 19:35:53	1385957223394811905
2021-04-24 19:35:54	1385955230978768906
2021-04-24 19:35:55	1385946576414076931
2021-04-24 19:35:56	1385955681488965635
2021-04-24 19:35:57	1385935026634723329
2021-04-24 19:35:58	1385957129006174208
2021-04-24 19:35:59	1385938889567653889
2021-04-24 19:36:00	1385957119510286339
2021-04-24 19:36:01	1385957073171615745
2021-04-24 19:36:02	1385956945253715972
2021-04-24 19:36:04	1385956715670032389
2021-04-24 19:36:05	1385956538217418753
2021-04-24 19:36:06	1385956517136846850
2021-04-24 19:36:07	1385956493095170049
2021-04-24 19:36:09	1385956237578096644
2021-04-24 19:36:10	1385947828212568077
2021-04-24 19:36:10	1385947942616387588
2021-04-24 19:36:11	1385956019965087752
2021-04-24 19:36:13	1385955890121953280
2021-04-24 19:36:14	1385955624278630412
2021-04-24 19:36:17	1385955281079660552
2021-04-24 19:36:18	1385955188855377928
2021-04-24 19:36:21	1385955004402466819
2021-04-24 19:36:22	1385954944964993025
2021-04-24 19:36:23	1385954725439315971
2021-04-24 19:36:24	1385954639258873861
2021-04-24 19:36:25	1385954475672629250
2021-04-24 19:36:27	1385935383653871619
2021-04-24 19:36:28	1385954411957002241
2021-04-24 19:36:29	1385954332546265088
2021-04-24 19:36:30	1385954331476647937
2021-04-24 19:36:31	1385954306478592003
2021-04-24 19:36:33	1385954112869523461
2021-04-24 19:36:33	1385953989796106241
2021-04-24 19:36:34	1385935473126699015
2021-04-24 19:36:35	1385953987401183237
2021-04-24 19:36:36	1385953897865306116
2021-04-24 19:36:37	1385951392087502849
2021-04-24 19:36:38	1385953707968274433
2021-04-24 19:36:39	1385952617965121537
2021-04-24 19:36:39	1385950886870978560
2021-04-24 19:36:40	1385951575554674698
2021-04-24 19:36:41	1385951824398544898
2021-04-24 19:36:42	1385953321219887107
2021-04-24 19:36:43	1385953247068778502
2021-04-24 19:36:44	1385953166936576005
2021-04-24 19:36:46	1385952918159855616
2021-04-24 19:36:51	1385952361017864192
2021-04-24 19:36:52	1385952339740160011
2021-04-24 19:36:54	1385951951464980480
2021-04-24 19:36:57	1385947112798527490
2021-04-24 19:36:58	1385947876207988737
2021-04-24 19:36:59	1385950531319844864
2021-04-24 19:37:00	1385945715340283904
2021-04-24 19:37:01	1385951043809280001
2021-04-24 19:37:07	1385949817151442944
2021-04-24 19:37:09	1385949446463053824
2021-04-24 19:37:10	1385947288564948992
2021-04-24 19:37:12	1385949298093789186
2021-04-24 19:37:13	1385932963557244930
2021-04-24 19:37:14	1385949140450828299
2021-04-24 19:37:16	1385948556524101643
2021-04-24 19:37:18	1385948097868550148
2021-04-24 19:37:20	1385947855299301381
2021-04-24 19:37:21	1385947792678416386
2021-04-24 19:37:21	1385936681702805515
2021-04-24 19:37:23	1385947681768415233
2021-04-24 19:37:24	1385947505334964227
2021-04-24 19:37:25	1385947464402759680
2021-04-24 19:37:28	1385947030413971457
2021-04-24 19:37:29	1385947016128208897
2021-04-24 19:37:31	1385946568180727809
2021-04-24 19:37:32	1385939495342665729
2021-04-24 19:37:33	1385946441026138114
2021-04-24 19:37:34	1385946426232819715
2021-04-24 19:37:35	1385946117104234505
2021-04-24 19:37:37	1385946067611492353
2021-04-24 19:37:38	1385945986820841472
2021-04-24 19:37:39	1385945982068613120
2021-04-24 19:37:41	1385933790913044485
2021-04-24 19:37:41	1385942813762748423
2021-04-24 19:37:42	1385933418588901376
2021-04-24 19:37:43	1385934535880179717
2021-04-24 19:37:43	1385945514915422211
2021-04-24 20:38:23	1385972428057169920
2021-04-24 21:47:53	1385991204580454403
2021-04-24 21:49:17	1385991567962349569
2021-04-24 21:49:57	1385991761663692800
2021-04-24 21:51:42	1385992190774546434
2021-04-24 21:54:41	1385992906771681287
2021-04-25 04:08:14	1386086974054797312
2021-04-25 04:08:15	1386086610303815680
2021-04-25 04:08:16	1386076354060328962
2021-04-25 04:08:16	1386084917679837184
2021-04-25 04:08:17	1386074837831995397
2021-04-25 04:08:17	1386062359962144771
2021-04-25 04:08:18	1386084660283809797
2021-04-25 04:08:19	1386084114592243712
2021-04-25 04:08:19	1386082832326352897
2021-04-25 04:08:20	1386082759072878596
2021-04-25 04:08:21	1386080471621070848
2021-04-25 04:08:21	1386079208795901956
2021-04-25 04:08:22	1386041052029591554
2021-04-25 04:08:22	1386079648497344516
2021-04-25 04:08:23	1386074896350859265
2021-04-25 04:08:24	1386078855874547712
2021-04-25 04:08:24	1386077158372560898
2021-04-25 04:08:25	1386075650390298626
2021-04-25 04:08:26	1386073620577878017
2021-04-25 04:08:27	1386070452473241601
2021-04-25 04:08:28	1386068900001972228
2021-04-25 04:08:28	1386066638940766208
2021-04-25 04:08:29	1386066254285328384
2021-04-25 04:08:29	1386074544083902465
2021-04-25 04:08:30	1386068249154973696
2021-04-25 04:08:30	1386068120796729346
2021-04-25 04:08:31	1386070360236302336
2021-04-25 04:08:32	1386069788347170816
2021-04-25 04:08:33	1386064306693828611
2021-04-25 04:08:33	1386064906034683906
2021-04-25 04:08:34	1386069850712207361
2021-04-25 04:08:34	1386068442512445441
2021-04-25 04:08:35	1386066301223723009
2021-04-25 04:08:36	1386064837352910849
2021-04-25 04:08:36	1386066355623907328
2021-04-25 04:08:37	1386074279435898882
2021-04-25 04:08:38	1386070707566784521
2021-04-25 04:08:39	1386069369361338372
2021-04-25 04:08:40	1386046196414775296
2021-04-25 04:08:40	1386065206132891648
2021-04-25 04:08:41	1386066828837801985
2021-04-25 04:08:42	1386067194375663619
2021-04-25 04:08:42	1386066829878054914
2021-04-25 04:08:43	1386065723949142019
2021-04-25 04:08:44	1386065224382382081
2021-04-25 04:08:44	1386064414193766401
2021-04-25 04:08:45	1386064144885972993
2021-04-25 04:08:45	1386063924022239232
2021-04-25 04:08:47	1386061313063874561
2021-04-25 04:08:48	1386060359027478529
2021-04-25 04:08:49	1386059652060704768
2021-04-25 04:08:50	1386059197989613571
2021-04-25 04:08:50	1386058241562447872
2021-04-25 04:08:51	1386057161386577922
2021-04-25 04:08:52	1386057154608570368
2021-04-25 04:08:52	1386056980695961600
2021-04-25 04:08:53	1386031512571703298
2021-04-25 04:08:54	1386053696664920064
2021-04-25 04:08:55	1386053314010238977
2021-04-25 04:08:56	1386044444827258882
2021-04-25 04:08:57	1386052933729492994
2021-04-25 04:08:57	1386052138703282176
2021-04-25 04:08:58	1386051551525961728
2021-04-25 04:08:59	1386051773572386816
2021-04-25 04:08:59	1386051409175474177
2021-04-25 04:09:00	1386051658208092161
2021-04-25 04:09:01	1386051508223942656
2021-04-25 04:09:01	1386051463533629441
2021-04-25 04:09:02	1386036534189563906
2021-04-25 04:09:02	1386050688694640641
2021-04-25 04:09:03	1386048069876150273
2021-04-25 04:09:04	1386047808566743040
2021-04-25 04:09:05	1386047564017897473
2021-04-25 04:09:05	1386047461483945985
2021-04-25 04:09:06	1386047274908672000
2021-04-25 04:09:06	1386046841716760577
2021-04-25 04:09:07	1386047003822493696
2021-04-25 04:09:08	1386046452695134210
2021-04-25 04:09:08	1386041547871854596
2021-04-25 04:09:09	1386032746875678720
2021-04-25 04:09:09	1386043072224677890
2021-04-25 04:09:10	1386045904885489664
2021-04-25 04:09:11	1386035813381591043
2021-04-25 04:09:11	1386045840960081921
2021-04-25 04:09:12	1386034877808607234
2021-04-25 04:19:13	1386035356105986054
2021-04-25 04:19:13	1386036198452260864
2021-04-25 04:19:14	1386041180165591043
2021-04-25 04:19:14	1386027258104614917
2021-04-25 04:19:15	1386034303461597185
2021-04-25 04:19:15	1386038842084388866
2021-04-25 04:19:16	1386035095929180161
2021-04-25 04:19:16	1386045531164594177
2021-04-25 04:19:17	1386025832318046208
2021-04-25 04:19:18	1386024206559637508
2021-04-25 04:19:18	1386044885447282688
2021-04-25 04:19:19	1386044363940065280
2021-04-25 04:19:20	1386044164664565762
2021-04-25 04:19:20	1386043527914606595
2021-04-25 04:19:21	1386018245136707589
2021-04-25 04:19:22	1386025090718998530
2021-04-25 04:19:22	1386033794533060608
2021-04-25 04:19:23	1386031674547261443
2021-04-25 04:19:23	1386032249263427588
2021-04-25 04:19:24	1386025143424622592
2021-04-25 04:19:24	1386043217360035841
2021-04-25 04:19:25	1386042815034142722
2021-04-25 04:19:26	1386042100441960450
2021-04-25 04:19:26	1386041735374012416
2021-04-25 04:19:27	1386040904083935232
2021-04-25 04:19:27	1386040618963529730
2021-04-25 04:19:28	1386040464218857472
2021-04-25 04:19:29	1386026984162177027
2021-04-25 04:19:29	1386039858875944963
2021-04-25 04:19:30	1386039855231102976
2021-04-25 04:19:30	1386039357060964358
2021-04-25 04:19:31	1386038913190432769
2021-04-25 04:19:32	1386038904390774784
2021-04-25 04:19:32	1386038442883121154
2021-04-25 04:19:33	1386036634617978880
2021-04-25 04:19:33	1386037831596871680
2021-04-25 04:19:34	1386037047693963264
2021-04-25 04:19:35	1386036854001000451
2021-04-25 04:19:35	1386036730294276097
2021-04-25 04:19:36	1386036573733494785
2021-04-25 04:19:37	1386036172334456832
2021-04-25 04:19:37	1386036114956292096
2021-04-25 04:19:38	1386028120872947712
2021-04-25 04:19:38	1386035718590324736
2021-04-25 04:19:39	1386036022685822977
2021-04-25 04:19:39	1386035551967465473
2021-04-25 04:19:40	1386017935085342722
2021-04-25 04:19:41	1386035636637896705
2021-04-25 04:19:41	1386035375022346241
2021-04-25 04:19:42	1386035325613404163
2021-04-25 04:19:43	1386021071892013059
2021-04-25 04:19:43	1386033928960561155
2021-04-25 04:19:44	1386033602467487746
2021-04-25 04:19:44	1386033423169454081
2021-04-25 04:19:45	1386033420166332421
2021-04-25 04:19:45	1386033410309693440
2021-04-25 04:19:46	1386033003197964288
2021-04-25 04:19:46	1386032997963505665
2021-04-25 04:19:47	1386032974353756162
2021-04-25 04:19:48	1386032468071829509
2021-04-25 04:19:48	1386027575999307777
2021-04-25 04:19:49	1386030912194826242
2021-04-25 04:19:49	1386031557526179840
2021-04-25 04:19:50	1386032123107151873
2021-04-25 04:19:50	1386031915673677826
2021-04-25 04:19:51	1386031765534380033
2021-04-25 04:19:52	1386031438403801096
2021-04-25 04:19:52	1386031413338595328
2021-04-25 04:19:53	1386031233306529797
2021-04-25 04:19:54	1386031030386102275
2021-04-25 04:19:55	1386030671609483270
2021-04-25 04:19:56	1386030600885137410
2021-04-25 04:19:56	1386022345672847363
2021-04-25 04:19:57	1386025492231249921
2021-04-25 04:19:57	1386028286573121540
2021-04-25 04:19:58	1386026385194446849
2021-04-25 04:19:58	1386018314594308096
2021-04-25 04:19:59	1386026155308814337
2021-04-25 04:20:00	1386025393904177152
2021-04-25 04:20:00	1386029884430950403
2021-04-25 04:20:00	1386016847955304448
2021-04-25 04:20:01	1386026077915475974
2021-04-25 04:20:01	1386026273953116161
2021-04-25 04:20:02	1386025302157979653
2021-04-25 04:20:02	1386016696301809664
2021-04-25 04:20:03	1386029393110179843
2021-04-25 04:20:03	1386029173995708417
2021-04-25 04:20:04	1386027796460228609
2021-04-25 04:25:05	1386027749026852865
2021-04-25 04:25:05	1386027737865805824
2021-04-25 04:25:06	1386027365671653376
2021-04-25 04:25:07	1386027049970814977
2021-04-25 04:25:07	1386027184310075399
2021-04-25 04:25:08	1386026681178066947
2021-04-25 04:25:09	1386026518938193921
2021-04-25 04:25:09	1386026510188908544
2021-04-25 04:25:10	1386026485564076035
2021-04-25 04:25:10	1386026313513771014
2021-04-25 04:25:11	1386026311336927232
2021-04-25 04:25:11	1386026265212190720
2021-04-25 04:25:12	1386025999062638594
2021-04-25 04:25:12	1386025937838383106
2021-04-25 04:25:13	1386025674599632899
2021-04-25 04:25:14	1386025660229898242
2021-04-25 04:25:14	1386025475558887425
2021-04-25 04:25:15	1386024926180646913
2021-04-25 04:25:16	1386024895369203713
2021-04-25 04:25:16	1386024620520738816
2021-04-25 04:25:17	1386024526161477633
2021-04-25 04:25:17	1386024469802614784
2021-04-25 04:25:18	1386024358674538498
2021-04-25 04:25:19	1386024352576012290
2021-04-25 04:25:19	1386024291473391619
2021-04-25 04:25:20	1386024123588034567
2021-04-25 04:25:20	1386023969707360258
2021-04-25 04:25:21	1386019737834901507
2021-04-25 04:25:22	1386023832910106626
2021-04-25 04:25:22	1386023814467702788
2021-04-25 04:25:23	1386023488893296645
2021-04-25 04:25:24	1386022647784304643
2021-04-25 04:25:24	1386022646375010308
2021-04-25 04:25:25	1386022358419271680
2021-04-25 04:25:26	1386022348180971524
2021-04-25 04:25:26	1386022200533307397
2021-04-25 04:25:27	1386022080928378882
2021-04-25 04:25:27	1386021784688816128
2021-04-25 04:25:28	1386021550550228994
2021-04-25 04:25:29	1386021224971603968
2021-04-25 04:25:29	1386021309608456193
2021-04-25 04:25:30	1386020984356888576
2021-04-25 04:25:31	1386020835354308611
2021-04-25 04:25:31	1386020624502431755
2021-04-25 04:25:32	1386020538531794946
2021-04-25 04:25:33	1386019914805219332
2021-04-25 04:25:34	1386019450575417348
2021-04-25 04:25:34	1386019442086191104
2021-04-25 04:25:35	1386019322259075073
2021-04-25 04:25:36	1386019259923369987
2021-04-25 04:25:36	1386018931236741121
2021-04-25 04:25:37	1386018478654509057
2021-04-25 04:25:38	1386018077003771904
2021-04-25 04:25:38	1386017742105366529
2021-04-25 04:25:39	1386017252072255489
2021-04-25 04:25:40	1386017036921282560
2021-04-25 04:25:41	1386016961801326595
2021-04-25 10:52:48	1386107211638874116
2021-04-25 10:52:49	1386106920839249920
2021-04-25 10:52:50	1386106707940495360
2021-04-25 10:52:50	1386105859650908161
2021-04-25 10:52:51	1386105647284977664
2021-04-25 10:52:52	1386102560172363780
2021-04-25 10:52:52	1386101047995756549
2021-04-25 10:52:54	1386097413975265287
2021-04-25 10:52:54	1386091880270598147
2021-04-25 10:52:55	1386091622782275584
2021-04-25 10:52:56	1386091230258290692
2021-04-25 10:52:57	1386089594777595904
2021-04-25 10:52:58	1386089272965406720
2021-04-25 10:52:58	1386088277644517376
2021-04-25 10:52:59	1386087910575775746
2021-04-25 10:53:00	1386077656190357507
2021-04-25 10:53:01	1386078372397076480
2021-04-25 10:53:01	1386071848136306695
2021-04-25 10:53:02	1386076537565323266
2021-04-25 10:53:03	1386071585816125441
2021-04-25 10:53:05	1386064003181383682
2021-04-25 10:53:07	1386057215396691973
2021-04-25 10:53:08	1386052912124628993
2021-04-25 10:53:11	1386041049806606341
2021-04-25 10:53:15	1386027002554052608
2021-04-25 10:53:16	1386025680404549639
2021-04-25 10:53:27	1386188838381395968
2021-04-25 10:53:28	1386188692839010304
2021-04-25 10:53:29	1386188685620637696
2021-04-25 10:53:30	1386188468103966720
2021-04-25 10:53:30	1386188418846060546
2021-04-25 10:53:31	1386188399074107393
2021-04-25 10:53:31	1386188295776862208
2021-04-25 10:58:33	1386188142118457347
2021-04-25 10:58:34	1386187691310555136
2021-04-25 10:58:34	1386187677482065922
2021-04-25 10:58:35	1386187610767302657
2021-04-25 10:58:36	1386187471323504642
2021-04-25 10:58:36	1386187355569102853
2021-04-25 10:58:37	1386187192540618754
2021-04-25 10:58:38	1386187077340045314
2021-04-25 10:58:38	1386187010562424834
2021-04-25 10:58:39	1386186987716055042
2021-04-25 10:58:40	1386186555950125056
2021-04-25 10:58:41	1386186006177607680
2021-04-25 10:58:41	1386185934870302723
2021-04-25 10:58:42	1386185835649781762
2021-04-25 10:58:43	1386185675423191046
2021-04-25 10:58:44	1386185656032915458
2021-04-25 10:58:44	1386185360774893572
2021-04-25 10:58:45	1386167996142415875
2021-04-25 10:58:46	1386183010609815556
2021-04-25 10:58:46	1386180645806690306
2021-04-25 10:58:47	1386181109487071233
2021-04-25 10:58:48	1386163705000255491
2021-04-25 10:58:48	1386180147791810560
2021-04-25 10:58:49	1386185346413563905
2021-04-25 10:58:49	1386180332588658694
2021-04-25 10:58:50	1386185278046408704
2021-04-25 10:58:50	1386185168340193286
2021-04-25 10:58:51	1386185112161689604
2021-04-25 10:58:52	1386174164994641925
2021-04-25 10:58:52	1386184960944398336
2021-04-25 10:58:53	1386167183072382977
2021-04-25 10:58:54	1386168949151260676
2021-04-25 10:58:54	1386184648678592514
2021-04-25 10:58:55	1386168492202860544
2021-04-25 10:58:56	1386171446951649280
2021-04-25 10:58:56	1386182002362171393
2021-04-25 10:58:57	1386168815227215872
2021-04-25 10:58:57	1386168744838316032
2021-04-25 10:58:58	1386170780938014722
2021-04-25 10:58:58	1386171479029653504
2021-04-25 10:58:59	1386184847404716034
2021-04-25 10:59:00	1386184782489530375
2021-04-25 10:59:01	1386182034314481664
2021-04-25 10:59:01	1386184807093256194
2021-04-25 10:59:02	1386168879697772548
2021-04-25 10:59:03	1386168714551300101
2021-04-25 10:59:03	1386168773326016512
2021-04-25 10:59:04	1386168842146177026
2021-04-25 10:59:05	1386182124772941824
2021-04-25 10:59:05	1386175785157939201
2021-04-25 10:59:06	1386168907376074758
2021-04-25 10:59:07	1386182096226557959
2021-04-25 10:59:07	1386184682643984388
2021-04-25 10:59:09	1386184349914001415
2021-04-25 10:59:10	1386184181009448961
2021-04-25 10:59:11	1386172907441717250
2021-04-25 10:59:11	1386184172234964996
2021-04-25 10:59:12	1386184052592373762
2021-04-25 10:59:12	1386184015909031936
2021-04-25 10:59:13	1386148568717676544
2021-04-25 10:59:13	1386184002084622343
2021-04-25 10:59:14	1386162061030281217
2021-04-25 10:59:14	1386183956672876547
2021-04-25 10:59:15	1386183732739010565
2021-04-25 11:04:16	1386183649679183877
2021-04-25 11:04:17	1386183570062856198
2021-04-25 11:04:18	1386183372255338502
2021-04-25 11:04:18	1386183081439023104
2021-04-25 11:04:19	1386183315963613193
2021-04-25 11:04:20	1386182406848204802
2021-04-25 11:04:20	1386183105887707136
2021-04-25 11:04:21	1386183057753866249
2021-04-25 11:04:21	1386182941110194177
2021-04-25 11:04:22	1386182635370729473
2021-04-25 11:04:23	1386182317803130881
2021-04-25 11:04:24	1386181806492307458
2021-04-25 11:04:24	1386181695108378625
2021-04-25 11:04:25	1386181044169109506
2021-04-25 11:04:26	1386180733278908419
2021-04-25 11:04:26	1386180624600297481
2021-04-25 11:04:27	1386180607504388099
2021-04-25 11:04:28	1386180576659460096
2021-04-25 11:04:28	1386180567062880257
2021-04-25 11:04:29	1386180386439372803
2021-04-25 11:04:29	1386179753934090241
2021-04-25 11:04:30	1386179707889098754
2021-04-25 11:04:31	1386165340002865154
2021-04-25 11:04:32	1386179421166469123
2021-04-25 11:04:32	1386179114835398656
2021-04-25 11:04:33	1386179047546253313
2021-04-25 11:04:34	1386178803202887682
2021-04-25 11:04:34	1386178795216928768
2021-04-25 11:04:35	1386178572490969091
2021-04-25 11:04:35	1386169478539464712
2021-04-25 11:04:36	1386170842996908037
2021-04-25 11:04:37	1386169665223684098
2021-04-25 11:04:37	1386169903535714307
2021-04-25 11:04:38	1386178167476396034
2021-04-25 11:04:39	1386177859467714561
2021-04-25 11:04:40	1386177759550971908
2021-04-25 11:04:40	1386177574854807556
2021-04-25 11:04:41	1386177483699986433
2021-04-25 11:04:42	1386177131688849408
2021-04-25 11:04:42	1386176864159404034
2021-04-25 11:04:43	1386176795666354177
2021-04-25 11:04:43	1386176623582453764
2021-04-25 11:04:44	1386169678548987907
2021-04-25 11:04:45	1386176342853517321
2021-04-25 11:04:46	1386176292572131330
2021-04-25 11:04:46	1386176111394971650
2021-04-25 11:04:47	1386175779210285058
2021-04-25 11:04:48	1386176069640724481
2021-04-25 11:04:48	1386173662449987590
2021-04-25 11:04:49	1386175567578296327
2021-04-25 11:04:50	1386175371943374851
2021-04-25 11:04:51	1386175016664977410
2021-04-25 11:04:52	1386174763601600512
2021-04-25 11:04:52	1386174567144558596
2021-04-25 11:04:53	1386174561318850562
2021-04-25 11:04:54	1386174262000570371
2021-04-25 11:04:55	1386173492115120128
2021-04-25 11:04:55	1386173293003120651
2021-04-25 11:04:56	1386173125310795778
2021-04-25 11:04:57	1386172672212553739
2021-04-25 11:04:57	1386172478007902213
2021-04-25 11:04:58	1386172433636511744
2021-04-25 11:04:59	1386172416301277187
2021-04-25 11:04:59	1386172258180206596
2021-04-25 11:10:00	1386172241302364161
2021-04-25 11:10:01	1386171766708469761
2021-04-25 11:10:01	1386171591130685441
2021-04-25 11:10:03	1386170694191353856
2021-04-25 11:10:03	1386170281274707970
2021-04-25 11:10:04	1386169121948127232
2021-04-25 11:10:05	1386169617891033091
2021-04-25 11:10:05	1386169360717283329
2021-04-25 11:10:06	1386169332527362048
2021-04-25 11:10:07	1386168833522630656
2021-04-25 11:10:08	1386168538382016512
2021-04-25 11:10:08	1386167981315551237
2021-04-25 11:10:09	1386167893318987780
2021-04-25 11:10:10	1386167227099934724
2021-04-25 11:10:11	1386165149074038787
2021-04-25 11:10:11	1386165336546824194
2021-04-25 11:10:12	1386165501445828615
2021-04-25 11:10:12	1386166904453099525
2021-04-25 11:10:13	1386166562646724611
2021-04-25 11:10:14	1386166384783101952
2021-04-25 11:10:15	1386166112157462531
2021-04-25 11:10:16	1386165849036255233
2021-04-25 11:10:16	1386165772918001665
2021-04-25 11:10:17	1386165644849123329
2021-04-25 11:10:17	1386165590973325315
2021-04-25 11:10:18	1386165360668286979
2021-04-25 11:10:19	1386165314920935426
2021-04-25 11:10:19	1386165253000421377
2021-04-25 11:10:20	1386165205999128580
2021-04-25 11:10:20	1386165135698391043
2021-04-25 11:10:21	1386165114877874177
2021-04-25 11:10:21	1386164841488945162
2021-04-25 11:10:22	1386164806256795653
2021-04-25 11:10:23	1386164602006687746
2021-04-25 11:10:23	1386154820361330693
2021-04-25 11:10:24	1386155430557077505
2021-04-25 11:10:25	1386164543768780800
2021-04-25 11:10:25	1386164266743451652
2021-04-25 11:10:26	1386163413731090438
2021-04-25 11:10:27	1386164021687054338
2021-04-25 11:10:27	1386163739171299328
2021-04-25 11:10:28	1386163315299078145
2021-04-25 11:10:29	1386163112944967682
2021-04-25 11:10:30	1386161459860688898
2021-04-25 11:10:30	1386162450517557249
2021-04-25 11:10:31	1386151930531966978
2021-04-25 11:10:32	1386162159646756864
2021-04-25 11:10:32	1386149550511980546
2021-04-25 11:10:33	1386152774253965313
2021-04-25 11:10:33	1386162291163369473
2021-04-25 11:10:34	1386150360411037699
2021-04-25 11:10:35	1386162073852383233
2021-04-25 11:10:36	1386161320450424832
2021-04-25 11:10:37	1386161192901615617
2021-04-25 11:10:37	1386161051264339969
2021-04-25 11:10:38	1386160589911642113
2021-04-25 11:10:39	1386151281853566976
2021-04-25 11:10:39	1386160587453833219
2021-04-25 11:10:40	1386152284992667649
2021-04-25 11:10:41	1386157089924411397
2021-04-25 11:10:41	1386160456507789312
2021-04-25 11:10:42	1386160076868657161
2021-04-25 11:10:42	1386159990457520128
2021-04-25 11:10:43	1386159615704899592
2021-04-25 11:15:44	1386159146479734784
2021-04-25 11:15:44	1386159021124583426
2021-04-25 11:15:45	1386158440527982596
2021-04-25 11:15:45	1386158950110810115
2021-04-25 11:15:46	1386158934243774465
2021-04-25 11:15:47	1386158869047509001
2021-04-25 11:15:47	1386158584602370049
2021-04-25 11:15:48	1386157544427581445
2021-04-25 11:15:48	1386157509501620224
2021-04-25 11:15:49	1386157475427065857
2021-04-25 11:15:50	1386157300746919941
2021-04-25 11:15:50	1386156721668714498
2021-04-25 11:15:51	1386156636503379974
2021-04-25 11:15:51	1386150048140914691
2021-04-25 11:15:52	1386155524421390336
2021-04-25 11:15:53	1386155279138525184
2021-04-25 11:15:53	1386155232485281799
2021-04-25 11:15:54	1386154962720157697
2021-04-25 11:15:55	1386154860374990848
2021-04-25 11:15:55	1386154603767492612
2021-04-25 11:15:56	1386154124668932101
2021-04-25 11:15:57	1386153581779177472
2021-04-25 11:15:57	1386153557334712322
2021-04-25 11:15:58	1386153373477400578
2021-04-25 11:15:58	1386150787567394820
2021-04-25 11:15:59	1386153208544854020
2021-04-25 11:16:00	1386153096875630598
2021-04-25 11:16:01	1386152417859825669
2021-04-25 11:16:01	1386152037230911491
2021-04-25 11:16:02	1386149095669080065
2021-04-25 14:00:57	1386236046887641090
